file,line,type,commit,author,date,time,timezone,datetime,depth,length
style.css,1,css,c45cfcab,dycheng-ai,2026-04-10,17:39:07,-07:00,2026-04-10T17:39:07-07:00,0,5
style.css,2,css,c45cfcab,dycheng-ai,2026-04-10,17:39:07,-07:00,2026-04-10T17:39:07-07:00,1,33
style.css,3,css,c45cfcab,dycheng-ai,2026-04-10,17:39:07,-07:00,2026-04-10T17:39:07-07:00,0,0
style.css,4,css,c45cfcab,dycheng-ai,2026-04-10,17:39:07,-07:00,2026-04-10T17:39:07-07:00,0,0
style.css,5,css,c45cfcab,dycheng-ai,2026-04-10,17:39:07,-07:00,2026-04-10T17:39:07-07:00,0,4
style.css,6,css,c45cfcab,dycheng-ai,2026-04-10,17:39:07,-07:00,2026-04-10T17:39:07-07:00,1,32
style.css,7,css,fd15d7a5,dycheng-ai,2026-04-17,19:25:10,-07:00,2026-04-17T19:25:10-07:00,1,23
style.css,8,css,c45cfcab,dycheng-ai,2026-04-10,17:39:07,-07:00,2026-04-10T17:39:07-07:00,0,0
style.css,9,css,c45cfcab,dycheng-ai,2026-04-10,17:39:07,-07:00,2026-04-10T17:39:07-07:00,0,0
style.css,10,css,d65c3ff7,dycheng-ai,2026-04-03,23:30:13,-07:00,2026-04-03T23:30:13-07:00,0,4
style.css,11,css,d65c3ff7,dycheng-ai,2026-04-03,23:30:13,-07:00,2026-04-03T23:30:13-07:00,1,23
style.css,12,css,fa58bfbc,dycheng-ai,2026-04-10,16:59:51,-07:00,2026-04-10T16:59:51-07:00,1,15
style.css,13,css,c45cfcab,dycheng-ai,2026-04-10,17:39:07,-07:00,2026-04-10T17:39:07-07:00,1,13
style.css,14,css,c45cfcab,dycheng-ai,2026-04-10,17:39:07,-07:00,2026-04-10T17:39:07-07:00,0,0
style.css,15,css,c45cfcab,dycheng-ai,2026-04-10,17:39:07,-07:00,2026-04-10T17:39:07-07:00,0,0
style.css,16,css,c45cfcab,dycheng-ai,2026-04-10,17:39:07,-07:00,2026-04-10T17:39:07-07:00,0,22
style.css,17,css,c45cfcab,dycheng-ai,2026-04-10,17:39:07,-07:00,2026-04-10T17:39:07-07:00,1,15
style.css,18,css,c45cfcab,dycheng-ai,2026-04-10,17:39:07,-07:00,2026-04-10T17:39:07-07:00,1,17
style.css,19,css,c45cfcab,dycheng-ai,2026-04-10,17:39:07,-07:00,2026-04-10T17:39:07-07:00,0,0
style.css,20,css,c45cfcab,dycheng-ai,2026-04-10,17:39:07,-07:00,2026-04-10T17:39:07-07:00,0,0
style.css,21,css,c45cfcab,dycheng-ai,2026-04-10,17:39:07,-07:00,2026-04-10T17:39:07-07:00,0,2
style.css,22,css,c45cfcab,dycheng-ai,2026-04-10,17:39:07,-07:00,2026-04-10T17:39:07-07:00,1,14
style.css,23,css,c45cfcab,dycheng-ai,2026-04-10,17:39:07,-07:00,2026-04-10T17:39:07-07:00,0,0
style.css,24,css,c45cfcab,dycheng-ai,2026-04-10,17:39:07,-07:00,2026-04-10T17:39:07-07:00,0,0
style.css,25,css,c45cfcab,dycheng-ai,2026-04-10,17:39:07,-07:00,2026-04-10T17:39:07-07:00,0,3
style.css,26,css,c45cfcab,dycheng-ai,2026-04-10,17:39:07,-07:00,2026-04-10T17:39:07-07:00,1,12
style.css,27,css,fd15d7a5,dycheng-ai,2026-04-17,19:25:10,-07:00,2026-04-17T19:25:10-07:00,1,14
style.css,28,css,fd15d7a5,dycheng-ai,2026-04-17,19:25:10,-07:00,2026-04-17T19:25:10-07:00,1,16
style.css,29,css,c45cfcab,dycheng-ai,2026-04-10,17:39:07,-07:00,2026-04-10T17:39:07-07:00,1,17
style.css,30,css,fd15d7a5,dycheng-ai,2026-04-17,19:25:10,-07:00,2026-04-17T19:25:10-07:00,1,44
style.css,31,css,c45cfcab,dycheng-ai,2026-04-10,17:39:07,-07:00,2026-04-10T17:39:07-07:00,0,0
style.css,32,css,c45cfcab,dycheng-ai,2026-04-10,17:39:07,-07:00,2026-04-10T17:39:07-07:00,0,0
style.css,33,css,c45cfcab,dycheng-ai,2026-04-10,17:39:07,-07:00,2026-04-10T17:39:07-07:00,0,6
style.css,34,css,c748ba2d,dycheng-ai,2026-04-10,18:28:00,-07:00,2026-04-10T18:28:00-07:00,1,12
style.css,35,css,3c7917ea,dycheng-ai,2026-04-10,18:55:20,-07:00,2026-04-10T18:55:20-07:00,1,6
style.css,36,css,c45cfcab,dycheng-ai,2026-04-10,17:39:07,-07:00,2026-04-10T17:39:07-07:00,0,0
style.css,37,css,c45cfcab,dycheng-ai,2026-04-10,17:39:07,-07:00,2026-04-10T17:39:07-07:00,0,0
style.css,38,css,c45cfcab,dycheng-ai,2026-04-10,17:39:07,-07:00,2026-04-10T17:39:07-07:00,0,6
style.css,39,css,14f12c5f,dycheng-ai,2026-04-10,19:05:09,-07:00,2026-04-10T19:05:09-07:00,1,16
style.css,40,css,14f12c5f,dycheng-ai,2026-04-10,19:05:09,-07:00,2026-04-10T19:05:09-07:00,1,6
style.css,41,css,c45cfcab,dycheng-ai,2026-04-10,17:39:07,-07:00,2026-04-10T17:39:07-07:00,0,0
style.css,42,css,c45cfcab,dycheng-ai,2026-04-10,17:39:07,-07:00,2026-04-10T17:39:07-07:00,0,0
style.css,43,css,c45cfcab,dycheng-ai,2026-04-10,17:39:07,-07:00,2026-04-10T17:39:07-07:00,0,5
style.css,44,css,c45cfcab,dycheng-ai,2026-04-10,17:39:07,-07:00,2026-04-10T17:39:07-07:00,1,6
style.css,45,css,c45cfcab,dycheng-ai,2026-04-10,17:39:07,-07:00,2026-04-10T17:39:07-07:00,1,20
style.css,46,css,c45cfcab,dycheng-ai,2026-04-10,17:39:07,-07:00,2026-04-10T17:39:07-07:00,1,13
style.css,47,css,c45cfcab,dycheng-ai,2026-04-10,17:39:07,-07:00,2026-04-10T17:39:07-07:00,1,17
style.css,48,css,c45cfcab,dycheng-ai,2026-04-10,17:39:07,-07:00,2026-04-10T17:39:07-07:00,1,13
style.css,49,css,c45cfcab,dycheng-ai,2026-04-10,17:39:07,-07:00,2026-04-10T17:39:07-07:00,0,0
style.css,50,css,c45cfcab,dycheng-ai,2026-04-10,17:39:07,-07:00,2026-04-10T17:39:07-07:00,0,0
style.css,51,css,c45cfcab,dycheng-ai,2026-04-10,17:39:07,-07:00,2026-04-10T17:39:07-07:00,0,13
style.css,52,css,c45cfcab,dycheng-ai,2026-04-10,17:39:07,-07:00,2026-04-10T17:39:07-07:00,1,43
style.css,53,css,c45cfcab,dycheng-ai,2026-04-10,17:39:07,-07:00,2026-04-10T17:39:07-07:00,1,20
style.css,54,css,c45cfcab,dycheng-ai,2026-04-10,17:39:07,-07:00,2026-04-10T17:39:07-07:00,0,0
style.css,55,css,c45cfcab,dycheng-ai,2026-04-10,17:39:07,-07:00,2026-04-10T17:39:07-07:00,0,0
style.css,56,css,c45cfcab,dycheng-ai,2026-04-10,17:39:07,-07:00,2026-04-10T17:39:07-07:00,0,11
style.css,57,css,c45cfcab,dycheng-ai,2026-04-10,17:39:07,-07:00,2026-04-10T17:39:07-07:00,1,45
style.css,58,css,c45cfcab,dycheng-ai,2026-04-10,17:39:07,-07:00,2026-04-10T17:39:07-07:00,1,20
style.css,59,css,fd15d7a5,dycheng-ai,2026-04-17,19:25:10,-07:00,2026-04-17T19:25:10-07:00,1,70
style.css,60,css,c45cfcab,dycheng-ai,2026-04-10,17:39:07,-07:00,2026-04-10T17:39:07-07:00,0,0
style.css,61,css,c45cfcab,dycheng-ai,2026-04-10,17:39:07,-07:00,2026-04-10T17:39:07-07:00,0,0
style.css,62,css,c45cfcab,dycheng-ai,2026-04-10,17:39:07,-07:00,2026-04-10T17:39:07-07:00,0,4
style.css,63,css,c45cfcab,dycheng-ai,2026-04-10,17:39:07,-07:00,2026-04-10T17:39:07-07:00,0,7
style.css,64,css,c45cfcab,dycheng-ai,2026-04-10,17:39:07,-07:00,2026-04-10T17:39:07-07:00,0,6
style.css,65,css,c45cfcab,dycheng-ai,2026-04-10,17:39:07,-07:00,2026-04-10T17:39:07-07:00,1,12
style.css,66,css,c45cfcab,dycheng-ai,2026-04-10,17:39:07,-07:00,2026-04-10T17:39:07-07:00,0,0
style.css,67,css,c45cfcab,dycheng-ai,2026-04-10,17:39:07,-07:00,2026-04-10T17:39:07-07:00,0,0
style.css,68,css,c45cfcab,dycheng-ai,2026-04-10,17:39:07,-07:00,2026-04-10T17:39:07-07:00,0,4
style.css,69,css,c45cfcab,dycheng-ai,2026-04-10,17:39:07,-07:00,2026-04-10T17:39:07-07:00,1,12
style.css,70,css,c45cfcab,dycheng-ai,2026-04-10,17:39:07,-07:00,2026-04-10T17:39:07-07:00,1,30
style.css,71,css,c45cfcab,dycheng-ai,2026-04-10,17:39:07,-07:00,2026-04-10T17:39:07-07:00,1,7
style.css,72,css,c45cfcab,dycheng-ai,2026-04-10,17:39:07,-07:00,2026-04-10T17:39:07-07:00,0,0
style.css,73,css,c45cfcab,dycheng-ai,2026-04-10,17:39:07,-07:00,2026-04-10T17:39:07-07:00,0,0
style.css,74,css,c45cfcab,dycheng-ai,2026-04-10,17:39:07,-07:00,2026-04-10T17:39:07-07:00,0,10
style.css,75,css,c45cfcab,dycheng-ai,2026-04-10,17:39:07,-07:00,2026-04-10T17:39:07-07:00,1,12
style.css,76,css,c45cfcab,dycheng-ai,2026-04-10,17:39:07,-07:00,2026-04-10T17:39:07-07:00,1,29
style.css,77,css,c45cfcab,dycheng-ai,2026-04-10,17:39:07,-07:00,2026-04-10T17:39:07-07:00,1,18
style.css,78,css,c45cfcab,dycheng-ai,2026-04-10,17:39:07,-07:00,2026-04-10T17:39:07-07:00,0,0
style.css,79,css,c45cfcab,dycheng-ai,2026-04-10,17:39:07,-07:00,2026-04-10T17:39:07-07:00,0,0
style.css,80,css,c45cfcab,dycheng-ai,2026-04-10,17:39:07,-07:00,2026-04-10T17:39:07-07:00,0,9
style.css,81,css,c45cfcab,dycheng-ai,2026-04-10,17:39:07,-07:00,2026-04-10T17:39:07-07:00,0,13
style.css,82,css,c45cfcab,dycheng-ai,2026-04-10,17:39:07,-07:00,2026-04-10T17:39:07-07:00,1,10
style.css,83,css,c45cfcab,dycheng-ai,2026-04-10,17:39:07,-07:00,2026-04-10T17:39:07-07:00,1,21
style.css,84,css,c45cfcab,dycheng-ai,2026-04-10,17:39:07,-07:00,2026-04-10T17:39:07-07:00,0,0
style.css,85,css,c45cfcab,dycheng-ai,2026-04-10,17:39:07,-07:00,2026-04-10T17:39:07-07:00,0,0
style.css,86,css,c45cfcab,dycheng-ai,2026-04-10,17:39:07,-07:00,2026-04-10T17:39:07-07:00,0,11
style.css,87,css,c45cfcab,dycheng-ai,2026-04-10,17:39:07,-07:00,2026-04-10T17:39:07-07:00,1,18
style.css,88,css,c45cfcab,dycheng-ai,2026-04-10,17:39:07,-07:00,2026-04-10T17:39:07-07:00,0,0
style.css,89,css,c45cfcab,dycheng-ai,2026-04-10,17:39:07,-07:00,2026-04-10T17:39:07-07:00,0,0
style.css,90,css,c45cfcab,dycheng-ai,2026-04-10,17:39:07,-07:00,2026-04-10T17:39:07-07:00,0,9
style.css,91,css,c45cfcab,dycheng-ai,2026-04-10,17:39:07,-07:00,2026-04-10T17:39:07-07:00,1,12
style.css,92,css,c45cfcab,dycheng-ai,2026-04-10,17:39:07,-07:00,2026-04-10T17:39:07-07:00,1,58
style.css,93,css,c45cfcab,dycheng-ai,2026-04-10,17:39:07,-07:00,2026-04-10T17:39:07-07:00,1,7
style.css,94,css,c45cfcab,dycheng-ai,2026-04-10,17:39:07,-07:00,2026-04-10T17:39:07-07:00,1,8
style.css,95,css,c45cfcab,dycheng-ai,2026-04-10,17:39:07,-07:00,2026-04-10T17:39:07-07:00,1,9
style.css,96,css,c45cfcab,dycheng-ai,2026-04-10,17:39:07,-07:00,2026-04-10T17:39:07-07:00,1,15
style.css,97,css,c45cfcab,dycheng-ai,2026-04-10,17:39:07,-07:00,2026-04-10T17:39:07-07:00,0,0
style.css,98,css,c45cfcab,dycheng-ai,2026-04-10,17:39:07,-07:00,2026-04-10T17:39:07-07:00,0,0
style.css,99,css,c45cfcab,dycheng-ai,2026-04-10,17:39:07,-07:00,2026-04-10T17:39:07-07:00,0,17
style.css,100,css,c45cfcab,dycheng-ai,2026-04-10,17:39:07,-07:00,2026-04-10T17:39:07-07:00,1,12
style.css,101,css,c45cfcab,dycheng-ai,2026-04-10,17:39:07,-07:00,2026-04-10T17:39:07-07:00,1,26
style.css,102,css,ed7ae219,dycheng-ai,2026-05-01,13:49:14,-07:00,2026-05-01T13:49:14-07:00,1,15
style.css,103,css,c45cfcab,dycheng-ai,2026-04-10,17:39:07,-07:00,2026-04-10T17:39:07-07:00,0,0
style.css,104,css,c45cfcab,dycheng-ai,2026-04-10,17:39:07,-07:00,2026-04-10T17:39:07-07:00,0,0
style.css,105,css,c55dd2dd,dycheng-ai,2026-04-24,19:49:04,-07:00,2026-04-24T19:49:04-07:00,0,13
style.css,106,css,c55dd2dd,dycheng-ai,2026-04-24,19:49:04,-07:00,2026-04-24T19:49:04-07:00,1,10
style.css,107,css,c55dd2dd,dycheng-ai,2026-04-24,19:49:04,-07:00,2026-04-24T19:49:04-07:00,1,12
style.css,108,css,c55dd2dd,dycheng-ai,2026-04-24,19:49:04,-07:00,2026-04-24T19:49:04-07:00,1,16
style.css,109,css,c55dd2dd,dycheng-ai,2026-04-24,19:49:04,-07:00,2026-04-24T19:49:04-07:00,0,0
style.css,110,css,c55dd2dd,dycheng-ai,2026-04-24,19:49:04,-07:00,2026-04-24T19:49:04-07:00,0,0
style.css,111,css,c45cfcab,dycheng-ai,2026-04-10,17:39:07,-07:00,2026-04-10T17:39:07-07:00,0,12
style.css,112,css,c45cfcab,dycheng-ai,2026-04-10,17:39:07,-07:00,2026-04-10T17:39:07-07:00,1,8
style.css,113,css,c45cfcab,dycheng-ai,2026-04-10,17:39:07,-07:00,2026-04-10T17:39:07-07:00,0,0
style.css,114,css,fd15d7a5,dycheng-ai,2026-04-17,19:25:10,-07:00,2026-04-17T19:25:10-07:00,0,0
style.css,115,css,ed7ae219,dycheng-ai,2026-05-01,13:49:14,-07:00,2026-05-01T13:49:14-07:00,0,5
style.css,116,css,ed7ae219,dycheng-ai,2026-05-01,13:49:14,-07:00,2026-05-01T13:49:14-07:00,1,17
style.css,117,css,ed7ae219,dycheng-ai,2026-05-01,13:49:14,-07:00,2026-05-01T13:49:14-07:00,0,0
style.css,118,css,ed7ae219,dycheng-ai,2026-05-01,13:49:14,-07:00,2026-05-01T13:49:14-07:00,0,0
style.css,119,css,ed7ae219,dycheng-ai,2026-05-01,13:49:14,-07:00,2026-05-01T13:49:14-07:00,0,19
style.css,120,css,ed7ae219,dycheng-ai,2026-05-01,13:49:14,-07:00,2026-05-01T13:49:14-07:00,1,12
style.css,121,css,ed7ae219,dycheng-ai,2026-05-01,13:49:14,-07:00,2026-05-01T13:49:14-07:00,0,0
style.css,122,css,ed7ae219,dycheng-ai,2026-05-01,13:49:14,-07:00,2026-05-01T13:49:14-07:00,0,0
style.css,123,css,c55dd2dd,dycheng-ai,2026-04-24,19:49:04,-07:00,2026-04-24T19:49:04-07:00,0,17
style.css,124,css,c55dd2dd,dycheng-ai,2026-04-24,19:49:04,-07:00,2026-04-24T19:49:04-07:00,1,12
style.css,125,css,c55dd2dd,dycheng-ai,2026-04-24,19:49:04,-07:00,2026-04-24T19:49:04-07:00,1,36
style.css,126,css,c55dd2dd,dycheng-ai,2026-04-24,19:49:04,-07:00,2026-04-24T19:49:04-07:00,1,7
style.css,127,css,c55dd2dd,dycheng-ai,2026-04-24,19:49:04,-07:00,2026-04-24T19:49:04-07:00,1,12
style.css,128,css,c55dd2dd,dycheng-ai,2026-04-24,19:49:04,-07:00,2026-04-24T19:49:04-07:00,0,0
style.css,129,css,c55dd2dd,dycheng-ai,2026-04-24,19:49:04,-07:00,2026-04-24T19:49:04-07:00,0,0
style.css,130,css,c55dd2dd,dycheng-ai,2026-04-24,19:49:04,-07:00,2026-04-24T19:49:04-07:00,0,17
style.css,131,css,c55dd2dd,dycheng-ai,2026-04-24,19:49:04,-07:00,2026-04-24T19:49:04-07:00,1,10
style.css,132,css,c55dd2dd,dycheng-ai,2026-04-24,19:49:04,-07:00,2026-04-24T19:49:04-07:00,1,14
style.css,133,css,c55dd2dd,dycheng-ai,2026-04-24,19:49:04,-07:00,2026-04-24T19:49:04-07:00,1,15
style.css,134,css,c55dd2dd,dycheng-ai,2026-04-24,19:49:04,-07:00,2026-04-24T19:49:04-07:00,1,17
style.css,135,css,c55dd2dd,dycheng-ai,2026-04-24,19:49:04,-07:00,2026-04-24T19:49:04-07:00,1,18
style.css,136,css,c55dd2dd,dycheng-ai,2026-04-24,19:49:04,-07:00,2026-04-24T19:49:04-07:00,1,12
style.css,137,css,c55dd2dd,dycheng-ai,2026-04-24,19:49:04,-07:00,2026-04-24T19:49:04-07:00,1,18
style.css,138,css,c55dd2dd,dycheng-ai,2026-04-24,19:49:04,-07:00,2026-04-24T19:49:04-07:00,1,22
style.css,139,css,c55dd2dd,dycheng-ai,2026-04-24,19:49:04,-07:00,2026-04-24T19:49:04-07:00,1,63
style.css,140,css,c55dd2dd,dycheng-ai,2026-04-24,19:49:04,-07:00,2026-04-24T19:49:04-07:00,1,29
style.css,141,css,c55dd2dd,dycheng-ai,2026-04-24,19:49:04,-07:00,2026-04-24T19:49:04-07:00,0,0
style.css,142,css,c55dd2dd,dycheng-ai,2026-04-24,19:49:04,-07:00,2026-04-24T19:49:04-07:00,0,0
style.css,143,css,c55dd2dd,dycheng-ai,2026-04-24,19:49:04,-07:00,2026-04-24T19:49:04-07:00,0,17
style.css,144,css,c55dd2dd,dycheng-ai,2026-04-24,19:49:04,-07:00,2026-04-24T19:49:04-07:00,1,10
style.css,145,css,c55dd2dd,dycheng-ai,2026-04-24,19:49:04,-07:00,2026-04-24T19:49:04-07:00,1,16
style.css,146,css,c55dd2dd,dycheng-ai,2026-04-24,19:49:04,-07:00,2026-04-24T19:49:04-07:00,1,15
style.css,147,css,c55dd2dd,dycheng-ai,2026-04-24,19:49:04,-07:00,2026-04-24T19:49:04-07:00,1,17
style.css,148,css,c55dd2dd,dycheng-ai,2026-04-24,19:49:04,-07:00,2026-04-24T19:49:04-07:00,1,8
style.css,149,css,c55dd2dd,dycheng-ai,2026-04-24,19:49:04,-07:00,2026-04-24T19:49:04-07:00,1,18
style.css,150,css,c55dd2dd,dycheng-ai,2026-04-24,19:49:04,-07:00,2026-04-24T19:49:04-07:00,1,12
style.css,151,css,c55dd2dd,dycheng-ai,2026-04-24,19:49:04,-07:00,2026-04-24T19:49:04-07:00,1,18
style.css,152,css,c55dd2dd,dycheng-ai,2026-04-24,19:49:04,-07:00,2026-04-24T19:49:04-07:00,1,22
style.css,153,css,c55dd2dd,dycheng-ai,2026-04-24,19:49:04,-07:00,2026-04-24T19:49:04-07:00,1,63
style.css,154,css,c55dd2dd,dycheng-ai,2026-04-24,19:49:04,-07:00,2026-04-24T19:49:04-07:00,1,29
style.css,155,css,c55dd2dd,dycheng-ai,2026-04-24,19:49:04,-07:00,2026-04-24T19:49:04-07:00,0,0
style.css,156,css,c55dd2dd,dycheng-ai,2026-04-24,19:49:04,-07:00,2026-04-24T19:49:04-07:00,0,0
style.css,157,css,fd15d7a5,dycheng-ai,2026-04-17,19:25:10,-07:00,2026-04-17T19:25:10-07:00,0,13
style.css,158,css,fd15d7a5,dycheng-ai,2026-04-17,19:25:10,-07:00,2026-04-17T19:25:10-07:00,1,17
style.css,159,css,fd15d7a5,dycheng-ai,2026-04-17,19:25:10,-07:00,2026-04-17T19:25:10-07:00,1,10
style.css,160,css,fd15d7a5,dycheng-ai,2026-04-17,19:25:10,-07:00,2026-04-17T19:25:10-07:00,1,12
style.css,161,css,fd15d7a5,dycheng-ai,2026-04-17,19:25:10,-07:00,2026-04-17T19:25:10-07:00,1,22
style.css,162,css,fd15d7a5,dycheng-ai,2026-04-17,19:25:10,-07:00,2026-04-17T19:25:10-07:00,0,0
style.css,163,css,b665b708,dycheng-ai,2026-05-01,21:37:08,-07:00,2026-05-01T21:37:08-07:00,0,0
style.css,164,css,b665b708,dycheng-ai,2026-05-01,21:37:08,-07:00,2026-05-01T21:37:08-07:00,0,18
style.css,165,css,b665b708,dycheng-ai,2026-05-01,21:37:08,-07:00,2026-05-01T21:37:08-07:00,1,14
style.css,166,css,b665b708,dycheng-ai,2026-05-01,21:37:08,-07:00,2026-05-01T21:37:08-07:00,1,16
style.css,167,css,b665b708,dycheng-ai,2026-05-01,21:37:08,-07:00,2026-05-01T21:37:08-07:00,1,16
style.css,168,css,b665b708,dycheng-ai,2026-05-01,21:37:08,-07:00,2026-05-01T21:37:08-07:00,0,0
style.css,169,css,b665b708,dycheng-ai,2026-05-01,21:37:08,-07:00,2026-05-01T21:37:08-07:00,0,0
style.css,170,css,b665b708,dycheng-ai,2026-05-01,21:37:08,-07:00,2026-05-01T21:37:08-07:00,0,10
style.css,171,css,b665b708,dycheng-ai,2026-05-01,21:37:08,-07:00,2026-05-01T21:37:08-07:00,1,12
style.css,172,css,b665b708,dycheng-ai,2026-05-01,21:37:08,-07:00,2026-05-01T21:37:08-07:00,1,18
style.css,173,css,b665b708,dycheng-ai,2026-05-01,21:37:08,-07:00,2026-05-01T21:37:08-07:00,1,7
style.css,174,css,b665b708,dycheng-ai,2026-05-01,21:37:08,-07:00,2026-05-01T21:37:08-07:00,0,0
style.css,175,css,b665b708,dycheng-ai,2026-05-01,21:37:08,-07:00,2026-05-01T21:37:08-07:00,0,0
style.css,176,css,b665b708,dycheng-ai,2026-05-01,21:37:08,-07:00,2026-05-01T21:37:08-07:00,0,7
style.css,177,css,b665b708,dycheng-ai,2026-05-01,21:37:08,-07:00,2026-05-01T21:37:08-07:00,1,12
style.css,178,css,b665b708,dycheng-ai,2026-05-01,21:37:08,-07:00,2026-05-01T21:37:08-07:00,1,57
style.css,179,css,b665b708,dycheng-ai,2026-05-01,21:37:08,-07:00,2026-05-01T21:37:08-07:00,1,10
style.css,180,css,b665b708,dycheng-ai,2026-05-01,21:37:08,-07:00,2026-05-01T21:37:08-07:00,1,6
style.css,181,css,b665b708,dycheng-ai,2026-05-01,21:37:08,-07:00,2026-05-01T21:37:08-07:00,1,41
style.css,182,css,b665b708,dycheng-ai,2026-05-01,21:37:08,-07:00,2026-05-01T21:37:08-07:00,1,19
style.css,183,css,b665b708,dycheng-ai,2026-05-01,21:37:08,-07:00,2026-05-01T21:37:08-07:00,1,11
style.css,184,css,b665b708,dycheng-ai,2026-05-01,21:37:08,-07:00,2026-05-01T21:37:08-07:00,1,8
style.css,185,css,b665b708,dycheng-ai,2026-05-01,21:37:08,-07:00,2026-05-01T21:37:08-07:00,1,15
style.css,186,css,b665b708,dycheng-ai,2026-05-01,21:37:08,-07:00,2026-05-01T21:37:08-07:00,0,0
style.css,187,css,b665b708,dycheng-ai,2026-05-01,21:37:08,-07:00,2026-05-01T21:37:08-07:00,0,0
style.css,188,css,b665b708,dycheng-ai,2026-05-01,21:37:08,-07:00,2026-05-01T21:37:08-07:00,0,12
style.css,189,css,b665b708,dycheng-ai,2026-05-01,21:37:08,-07:00,2026-05-01T21:37:08-07:00,1,12
style.css,190,css,b665b708,dycheng-ai,2026-05-01,21:37:08,-07:00,2026-05-01T21:37:08-07:00,1,18
style.css,191,css,b665b708,dycheng-ai,2026-05-01,21:37:08,-07:00,2026-05-01T21:37:08-07:00,1,9
style.css,192,css,b665b708,dycheng-ai,2026-05-01,21:37:08,-07:00,2026-05-01T21:37:08-07:00,0,0
style.css,193,css,b665b708,dycheng-ai,2026-05-01,21:37:08,-07:00,2026-05-01T21:37:08-07:00,0,0
style.css,194,css,b665b708,dycheng-ai,2026-05-01,21:37:08,-07:00,2026-05-01T21:37:08-07:00,0,7
style.css,195,css,b665b708,dycheng-ai,2026-05-01,21:37:08,-07:00,2026-05-01T21:37:08-07:00,1,20
style.css,196,css,b665b708,dycheng-ai,2026-05-01,21:37:08,-07:00,2026-05-01T21:37:08-07:00,1,9
style.css,197,css,b665b708,dycheng-ai,2026-05-01,21:37:08,-07:00,2026-05-01T21:37:08-07:00,1,18
style.css,198,css,b665b708,dycheng-ai,2026-05-01,21:37:08,-07:00,2026-05-01T21:37:08-07:00,1,29
style.css,199,css,b665b708,dycheng-ai,2026-05-01,21:37:08,-07:00,2026-05-01T21:37:08-07:00,1,17
style.css,200,css,b665b708,dycheng-ai,2026-05-01,21:37:08,-07:00,2026-05-01T21:37:08-07:00,1,13
style.css,201,css,b665b708,dycheng-ai,2026-05-01,21:37:08,-07:00,2026-05-01T21:37:08-07:00,0,0
style.css,202,css,b665b708,dycheng-ai,2026-05-01,21:37:08,-07:00,2026-05-01T21:37:08-07:00,0,0
style.css,203,css,b665b708,dycheng-ai,2026-05-01,21:37:08,-07:00,2026-05-01T21:37:08-07:00,0,23
style.css,204,css,b665b708,dycheng-ai,2026-05-01,21:37:08,-07:00,2026-05-01T21:37:08-07:00,1,14
style.css,205,css,b665b708,dycheng-ai,2026-05-01,21:37:08,-07:00,2026-05-01T21:37:08-07:00,1,16
style.css,206,css,b665b708,dycheng-ai,2026-05-01,21:37:08,-07:00,2026-05-01T21:37:08-07:00,0,0
style.css,207,css,b665b708,dycheng-ai,2026-05-01,21:37:08,-07:00,2026-05-01T21:37:08-07:00,0,0
style.css,208,css,b665b708,dycheng-ai,2026-05-01,21:37:08,-07:00,2026-05-01T21:37:08-07:00,0,51
style.css,209,css,b665b708,dycheng-ai,2026-05-01,21:37:08,-07:00,2026-05-01T21:37:08-07:00,1,11
style.css,210,css,b665b708,dycheng-ai,2026-05-01,21:37:08,-07:00,2026-05-01T21:37:08-07:00,0,0
style.css,211,css,b665b708,dycheng-ai,2026-05-01,21:37:08,-07:00,2026-05-01T21:37:08-07:00,0,0
style.css,212,css,b665b708,dycheng-ai,2026-05-01,21:37:08,-07:00,2026-05-01T21:37:08-07:00,0,9
style.css,213,css,b665b708,dycheng-ai,2026-05-01,21:37:08,-07:00,2026-05-01T21:37:08-07:00,1,35
style.css,214,css,b665b708,dycheng-ai,2026-05-01,21:37:08,-07:00,2026-05-01T21:37:08-07:00,0,0
style.css,215,css,b665b708,dycheng-ai,2026-05-01,21:37:08,-07:00,2026-05-01T21:37:08-07:00,1,10
style.css,216,css,b665b708,dycheng-ai,2026-05-01,21:37:08,-07:00,2026-05-01T21:37:08-07:00,2,17
style.css,217,css,b665b708,dycheng-ai,2026-05-01,21:37:08,-07:00,2026-05-01T21:37:08-07:00,1,0
style.css,218,css,b665b708,dycheng-ai,2026-05-01,21:37:08,-07:00,2026-05-01T21:37:08-07:00,0,0
style.css,219,css,b665b708,dycheng-ai,2026-05-01,21:37:08,-07:00,2026-05-01T21:37:08-07:00,0,0
style.css,220,css,b665b708,dycheng-ai,2026-05-01,21:37:08,-07:00,2026-05-01T21:37:08-07:00,0,10
style.css,221,css,b665b708,dycheng-ai,2026-05-01,21:37:08,-07:00,2026-05-01T21:37:08-07:00,1,13
style.css,222,css,b665b708,dycheng-ai,2026-05-01,21:37:08,-07:00,2026-05-01T21:37:08-07:00,1,10
style.css,223,css,b665b708,dycheng-ai,2026-05-01,21:37:08,-07:00,2026-05-01T21:37:08-07:00,1,16
style.css,224,css,b665b708,dycheng-ai,2026-05-01,21:37:08,-07:00,2026-05-01T21:37:08-07:00,1,13
style.css,225,css,b665b708,dycheng-ai,2026-05-01,21:37:08,-07:00,2026-05-01T21:37:08-07:00,1,21
style.css,226,css,b665b708,dycheng-ai,2026-05-01,21:37:08,-07:00,2026-05-01T21:37:08-07:00,1,12
style.css,227,css,b665b708,dycheng-ai,2026-05-01,21:37:08,-07:00,2026-05-01T21:37:08-07:00,0,0
index.js,1,js,c55dd2dd,dycheng-ai,2026-04-24,19:49:04,-07:00,2026-04-24T19:49:04-07:00,0,71
index.js,2,js,c55dd2dd,dycheng-ai,2026-04-24,19:49:04,-07:00,2026-04-24T19:49:04-07:00,0,54
index.js,3,js,c55dd2dd,dycheng-ai,2026-04-24,19:49:04,-07:00,2026-04-24T19:49:04-07:00,0,42
index.js,4,js,c55dd2dd,dycheng-ai,2026-04-24,19:49:04,-07:00,2026-04-24T19:49:04-07:00,0,60
index.js,5,js,c55dd2dd,dycheng-ai,2026-04-24,19:49:04,-07:00,2026-04-24T19:49:04-07:00,0,53
index.js,6,js,c55dd2dd,dycheng-ai,2026-04-24,19:49:04,-07:00,2026-04-24T19:49:04-07:00,0,60
index.js,7,js,c55dd2dd,dycheng-ai,2026-04-24,19:49:04,-07:00,2026-04-24T19:49:04-07:00,0,54
index.js,8,js,c55dd2dd,dycheng-ai,2026-04-24,19:49:04,-07:00,2026-04-24T19:49:04-07:00,0,0
index.js,9,js,c55dd2dd,dycheng-ai,2026-04-24,19:49:04,-07:00,2026-04-24T19:49:04-07:00,0,17
index.js,10,js,c55dd2dd,dycheng-ai,2026-04-24,19:49:04,-07:00,2026-04-24T19:49:04-07:00,1,24
index.js,11,js,c55dd2dd,dycheng-ai,2026-04-24,19:49:04,-07:00,2026-04-24T19:49:04-07:00,4,2
index.js,12,js,c55dd2dd,dycheng-ai,2026-04-24,19:49:04,-07:00,2026-04-24T19:49:04-07:00,5,54
index.js,13,js,c55dd2dd,dycheng-ai,2026-04-24,19:49:04,-07:00,2026-04-24T19:49:04-07:00,5,54
index.js,14,js,c55dd2dd,dycheng-ai,2026-04-24,19:49:04,-07:00,2026-04-24T19:49:04-07:00,5,48
index.js,15,js,c55dd2dd,dycheng-ai,2026-04-24,19:49:04,-07:00,2026-04-24T19:49:04-07:00,5,48
index.js,16,js,c55dd2dd,dycheng-ai,2026-04-24,19:49:04,-07:00,2026-04-24T19:49:04-07:00,4,3
index.js,17,js,c55dd2dd,dycheng-ai,2026-04-24,19:49:04,-07:00,2026-04-24T19:49:04-07:00,2,0
index.js,18,js,c55dd2dd,dycheng-ai,2026-04-24,19:49:04,-07:00,2026-04-24T19:49:04-07:00,0,0
index.html,1,html,b01df8c2,dycheng-ai,2026-04-03,10:11:36,-07:00,2026-04-03T10:11:36-07:00,0,13
index.html,2,html,b01df8c2,dycheng-ai,2026-04-03,10:11:36,-07:00,2026-04-03T10:11:36-07:00,0,14
index.html,3,html,b01df8c2,dycheng-ai,2026-04-03,10:11:36,-07:00,2026-04-03T10:11:36-07:00,0,4
index.html,4,html,b01df8c2,dycheng-ai,2026-04-03,10:11:36,-07:00,2026-04-03T10:11:36-07:00,2,20
index.html,5,html,b01df8c2,dycheng-ai,2026-04-03,10:11:36,-07:00,2026-04-03T10:11:36-07:00,2,68
index.html,6,html,1caf9bf5,dycheng-ai,2026-04-03,23:59:14,-07:00,2026-04-03T23:59:14-07:00,2,53
index.html,7,html,46735d1e,dycheng-ai,2026-04-10,18:26:39,-07:00,2026-04-10T18:26:39-07:00,2,38
index.html,8,html,b01df8c2,dycheng-ai,2026-04-03,10:11:36,-07:00,2026-04-03T10:11:36-07:00,0,5
index.html,9,html,b01df8c2,dycheng-ai,2026-04-03,10:11:36,-07:00,2026-04-03T10:11:36-07:00,0,4
index.html,10,html,5567e79c,dycheng-ai,2026-04-03,10:20:04,-07:00,2026-04-03T10:20:04-07:00,2,18
index.html,11,html,c55dd2dd,dycheng-ai,2026-04-24,19:49:04,-07:00,2026-04-24T19:49:04-07:00,2,28
index.html,12,html,c45cfcab,dycheng-ai,2026-04-10,17:39:07,-07:00,2026-04-10T17:39:07-07:00,2,126
index.html,13,html,c45cfcab,dycheng-ai,2026-04-10,17:39:07,-07:00,2026-04-10T17:39:07-07:00,4,140
index.html,14,html,c45cfcab,dycheng-ai,2026-04-10,17:39:07,-07:00,2026-04-10T17:39:07-07:00,4,121
index.html,15,html,c45cfcab,dycheng-ai,2026-04-10,17:39:07,-07:00,2026-04-10T17:39:07-07:00,4,120
index.html,16,html,c45cfcab,dycheng-ai,2026-04-10,17:39:07,-07:00,2026-04-10T17:39:07-07:00,4,12
index.html,17,html,fa58bfbc,dycheng-ai,2026-04-10,16:59:51,-07:00,2026-04-10T16:59:51-07:00,2,2
index.html,18,html,d65c3ff7,dycheng-ai,2026-04-03,23:30:13,-07:00,2026-04-03T23:30:13-07:00,2,88
index.html,19,html,c55dd2dd,dycheng-ai,2026-04-24,19:49:04,-07:00,2026-04-24T19:49:04-07:00,2,22
index.html,20,html,c55dd2dd,dycheng-ai,2026-04-24,19:49:04,-07:00,2026-04-24T19:49:04-07:00,2,20
index.html,21,html,c55dd2dd,dycheng-ai,2026-04-24,19:49:04,-07:00,2026-04-24T19:49:04-07:00,2,49
index.html,22,html,c55dd2dd,dycheng-ai,2026-04-24,19:49:04,-07:00,2026-04-24T19:49:04-07:00,2,4
index.html,23,html,d679ddf2,dycheng-ai,2026-04-17,15:02:02,-07:00,2026-04-17T15:02:02-07:00,2,45
index.html,24,html,c55dd2dd,dycheng-ai,2026-04-24,19:49:04,-07:00,2026-04-24T19:49:04-07:00,2,50
index.html,25,html,b01df8c2,dycheng-ai,2026-04-03,10:11:36,-07:00,2026-04-03T10:11:36-07:00,0,5
index.html,26,html,b01df8c2,dycheng-ai,2026-04-03,10:11:36,-07:00,2026-04-03T10:11:36-07:00,0,5
global.js,1,js,d679ddf2,dycheng-ai,2026-04-17,15:02:02,-07:00,2026-04-17T15:02:02-07:00,0,26
global.js,2,js,d679ddf2,dycheng-ai,2026-04-17,15:02:02,-07:00,2026-04-17T15:02:02-07:00,0,0
global.js,3,js,d679ddf2,dycheng-ai,2026-04-17,15:02:02,-07:00,2026-04-17T15:02:02-07:00,0,41
global.js,4,js,d679ddf2,dycheng-ai,2026-04-17,15:02:02,-07:00,2026-04-17T15:02:02-07:00,1,52
global.js,5,js,df3f3797,dycheng-ai,2026-04-17,18:39:55,-07:00,2026-04-17T18:39:55-07:00,0,0
global.js,6,js,df3f3797,dycheng-ai,2026-04-17,18:39:55,-07:00,2026-04-17T18:39:55-07:00,0,0
global.js,7,js,c55dd2dd,dycheng-ai,2026-04-24,19:49:04,-07:00,2026-04-24T19:49:04-07:00,0,36
global.js,8,js,c55dd2dd,dycheng-ai,2026-04-24,19:49:04,-07:00,2026-04-24T19:49:04-07:00,1,3
global.js,9,js,c55dd2dd,dycheng-ai,2026-04-24,19:49:04,-07:00,2026-04-24T19:49:04-07:00,2,39
global.js,10,js,c55dd2dd,dycheng-ai,2026-04-24,19:49:04,-07:00,2026-04-24T19:49:04-07:00,2,32
global.js,11,js,c55dd2dd,dycheng-ai,2026-04-24,19:49:04,-07:00,2026-04-24T19:49:04-07:00,2,17
global.js,12,js,c55dd2dd,dycheng-ai,2026-04-24,19:49:04,-07:00,2026-04-24T19:49:04-07:00,3,66
global.js,13,js,c55dd2dd,dycheng-ai,2026-04-24,19:49:04,-07:00,2026-04-24T19:49:04-07:00,2,0
global.js,14,js,c55dd2dd,dycheng-ai,2026-04-24,19:49:04,-07:00,2026-04-24T19:49:04-07:00,2,33
global.js,15,js,c55dd2dd,dycheng-ai,2026-04-24,19:49:04,-07:00,2026-04-24T19:49:04-07:00,2,10
global.js,16,js,c55dd2dd,dycheng-ai,2026-04-24,19:49:04,-07:00,2026-04-24T19:49:04-07:00,1,15
global.js,17,js,c55dd2dd,dycheng-ai,2026-04-24,19:49:04,-07:00,2026-04-24T19:49:04-07:00,2,59
global.js,18,js,c55dd2dd,dycheng-ai,2026-04-24,19:49:04,-07:00,2026-04-24T19:49:04-07:00,1,0
global.js,19,js,c55dd2dd,dycheng-ai,2026-04-24,19:49:04,-07:00,2026-04-24T19:49:04-07:00,0,0
global.js,20,js,df3f3797,dycheng-ai,2026-04-17,18:39:55,-07:00,2026-04-17T18:39:55-07:00,0,0
global.js,21,js,c55dd2dd,dycheng-ai,2026-04-24,19:49:04,-07:00,2026-04-24T19:49:04-07:00,0,78
global.js,22,js,c55dd2dd,dycheng-ai,2026-04-24,19:49:04,-07:00,2026-04-24T19:49:04-07:00,2,30
global.js,23,js,c55dd2dd,dycheng-ai,2026-04-24,19:49:04,-07:00,2026-04-24T19:49:04-07:00,2,31
global.js,24,js,c55dd2dd,dycheng-ai,2026-04-24,19:49:04,-07:00,2026-04-24T19:49:04-07:00,4,48
global.js,25,js,c55dd2dd,dycheng-ai,2026-04-24,19:49:04,-07:00,2026-04-24T19:49:04-07:00,4,19
global.js,26,js,c55dd2dd,dycheng-ai,2026-04-24,19:49:04,-07:00,2026-04-24T19:49:04-07:00,4,49
global.js,27,js,c55dd2dd,dycheng-ai,2026-04-24,19:49:04,-07:00,2026-04-24T19:49:04-07:00,4,49
global.js,28,js,ed7ae219,dycheng-ai,2026-05-01,13:49:14,-07:00,2026-05-01T13:49:14-07:00,4,37
global.js,29,js,c55dd2dd,dycheng-ai,2026-04-24,19:49:04,-07:00,2026-04-24T19:49:04-07:00,4,27
global.js,30,js,c55dd2dd,dycheng-ai,2026-04-24,19:49:04,-07:00,2026-04-24T19:49:04-07:00,4,0
global.js,31,js,c55dd2dd,dycheng-ai,2026-04-24,19:49:04,-07:00,2026-04-24T19:49:04-07:00,4,36
global.js,32,js,c55dd2dd,dycheng-ai,2026-04-24,19:49:04,-07:00,2026-04-24T19:49:04-07:00,2,0
global.js,33,js,c55dd2dd,dycheng-ai,2026-04-24,19:49:04,-07:00,2026-04-24T19:49:04-07:00,0,0
global.js,34,js,df3f3797,dycheng-ai,2026-04-17,18:39:55,-07:00,2026-04-17T18:39:55-07:00,0,0
global.js,35,js,c55dd2dd,dycheng-ai,2026-04-24,19:49:04,-07:00,2026-04-24T19:49:04-07:00,0,47
global.js,36,js,c55dd2dd,dycheng-ai,2026-04-24,19:49:04,-07:00,2026-04-24T19:49:04-07:00,1,59
global.js,37,js,c55dd2dd,dycheng-ai,2026-04-24,19:49:04,-07:00,2026-04-24T19:49:04-07:00,0,0
global.js,38,js,df3f3797,dycheng-ai,2026-04-17,18:39:55,-07:00,2026-04-17T18:39:55-07:00,0,0
global.js,39,js,df3f3797,dycheng-ai,2026-04-17,18:39:55,-07:00,2026-04-17T18:39:55-07:00,0,11
global.js,40,js,df3f3797,dycheng-ai,2026-04-17,18:39:55,-07:00,2026-04-17T18:39:55-07:00,1,25
global.js,41,js,df3f3797,dycheng-ai,2026-04-17,18:39:55,-07:00,2026-04-17T18:39:55-07:00,1,38
global.js,42,js,df3f3797,dycheng-ai,2026-04-17,18:39:55,-07:00,2026-04-17T18:39:55-07:00,1,36
global.js,43,js,df3f3797,dycheng-ai,2026-04-17,18:39:55,-07:00,2026-04-17T18:39:55-07:00,1,34
global.js,44,js,df3f3797,dycheng-ai,2026-04-17,18:39:55,-07:00,2026-04-17T18:39:55-07:00,1,56
global.js,45,js,df3f3797,dycheng-ai,2026-04-17,18:39:55,-07:00,2026-04-17T18:39:55-07:00,0,0
global.js,46,js,df3f3797,dycheng-ai,2026-04-17,18:39:55,-07:00,2026-04-17T18:39:55-07:00,0,0
global.js,47,js,df3f3797,dycheng-ai,2026-04-17,18:39:55,-07:00,2026-04-17T18:39:55-07:00,0,38
global.js,48,js,df3f3797,dycheng-ai,2026-04-17,18:39:55,-07:00,2026-04-17T18:39:55-07:00,0,25
global.js,49,js,df3f3797,dycheng-ai,2026-04-17,18:39:55,-07:00,2026-04-17T18:39:55-07:00,0,0
global.js,50,js,df3f3797,dycheng-ai,2026-04-17,18:39:55,-07:00,2026-04-17T18:39:55-07:00,0,20
global.js,51,js,fd15d7a5,dycheng-ai,2026-04-17,19:25:10,-07:00,2026-04-17T19:25:10-07:00,2,14
global.js,52,js,fd15d7a5,dycheng-ai,2026-04-17,19:25:10,-07:00,2026-04-17T19:25:10-07:00,2,18
global.js,53,js,fd15d7a5,dycheng-ai,2026-04-17,19:25:10,-07:00,2026-04-17T19:25:10-07:00,2,41
global.js,54,js,fd15d7a5,dycheng-ai,2026-04-17,19:25:10,-07:00,2026-04-17T19:25:10-07:00,2,88
global.js,55,js,fd15d7a5,dycheng-ai,2026-04-17,19:25:10,-07:00,2026-04-17T19:25:10-07:00,2,3
global.js,56,js,62efe8c1,dycheng-ai,2026-04-17,19:32:14,-07:00,2026-04-17T19:32:14-07:00,2,14
global.js,57,js,fd15d7a5,dycheng-ai,2026-04-17,19:25:10,-07:00,2026-04-17T19:25:10-07:00,2,28
global.js,58,js,fd15d7a5,dycheng-ai,2026-04-17,19:25:10,-07:00,2026-04-17T19:25:10-07:00,4,20
global.js,59,js,fd15d7a5,dycheng-ai,2026-04-17,19:25:10,-07:00,2026-04-17T19:25:10-07:00,2,0
global.js,60,js,fd15d7a5,dycheng-ai,2026-04-17,19:25:10,-07:00,2026-04-17T19:25:10-07:00,2,34
global.js,61,js,fd15d7a5,dycheng-ai,2026-04-17,19:25:10,-07:00,2026-04-17T19:25:10-07:00,2,11
global.js,62,js,fd15d7a5,dycheng-ai,2026-04-17,19:25:10,-07:00,2026-04-17T19:25:10-07:00,2,20
global.js,63,js,fd15d7a5,dycheng-ai,2026-04-17,19:25:10,-07:00,2026-04-17T19:25:10-07:00,2,12
global.js,64,js,fd15d7a5,dycheng-ai,2026-04-17,19:25:10,-07:00,2026-04-17T19:25:10-07:00,2,90
global.js,65,js,fd15d7a5,dycheng-ai,2026-04-17,19:25:10,-07:00,2026-04-17T19:25:10-07:00,2,52
global.js,66,js,fd15d7a5,dycheng-ai,2026-04-17,19:25:10,-07:00,2026-04-17T19:25:10-07:00,0,0
global.js,67,js,fd15d7a5,dycheng-ai,2026-04-17,19:25:10,-07:00,2026-04-17T19:25:10-07:00,0,0
global.js,68,js,fd15d7a5,dycheng-ai,2026-04-17,19:25:10,-07:00,2026-04-17T19:25:10-07:00,0,31
global.js,69,js,fd15d7a5,dycheng-ai,2026-04-17,19:25:10,-07:00,2026-04-17T19:25:10-07:00,1,11
global.js,70,js,fd15d7a5,dycheng-ai,2026-04-17,19:25:10,-07:00,2026-04-17T19:25:10-07:00,1,0
global.js,71,js,fd15d7a5,dycheng-ai,2026-04-17,19:25:10,-07:00,2026-04-17T19:25:10-07:00,1,26
global.js,72,js,fd15d7a5,dycheng-ai,2026-04-17,19:25:10,-07:00,2026-04-17T19:25:10-07:00,2,4
global.js,73,js,fd15d7a5,dycheng-ai,2026-04-17,19:25:10,-07:00,2026-04-17T19:25:10-07:00,2,6
global.js,74,js,fd15d7a5,dycheng-ai,2026-04-17,19:25:10,-07:00,2026-04-17T19:25:10-07:00,3,43
global.js,75,js,fd15d7a5,dycheng-ai,2026-04-17,19:25:10,-07:00,2026-04-17T19:25:10-07:00,3,34
global.js,76,js,fd15d7a5,dycheng-ai,2026-04-17,19:25:10,-07:00,2026-04-17T19:25:10-07:00,3,32
global.js,77,js,fd15d7a5,dycheng-ai,2026-04-17,19:25:10,-07:00,2026-04-17T19:25:10-07:00,2,7
global.js,78,js,fd15d7a5,dycheng-ai,2026-04-17,19:25:10,-07:00,2026-04-17T19:25:10-07:00,1,8
global.js,79,js,fd15d7a5,dycheng-ai,2026-04-17,19:25:10,-07:00,2026-04-17T19:25:10-07:00,0,0
global.js,80,js,fd15d7a5,dycheng-ai,2026-04-17,19:25:10,-07:00,2026-04-17T19:25:10-07:00,0,0
global.js,81,js,fd15d7a5,dycheng-ai,2026-04-17,19:25:10,-07:00,2026-04-17T19:25:10-07:00,0,58
global.js,82,js,fd15d7a5,dycheng-ai,2026-04-17,19:25:10,-07:00,2026-04-17T19:25:10-07:00,0,0
global.js,83,js,fd15d7a5,dycheng-ai,2026-04-17,19:25:10,-07:00,2026-04-17T19:25:10-07:00,0,34
global.js,84,js,fd15d7a5,dycheng-ai,2026-04-17,19:25:10,-07:00,2026-04-17T19:25:10-07:00,1,83
global.js,85,js,fd15d7a5,dycheng-ai,2026-04-17,19:25:10,-07:00,2026-04-17T19:25:10-07:00,1,38
global.js,86,js,fd15d7a5,dycheng-ai,2026-04-17,19:25:10,-07:00,2026-04-17T19:25:10-07:00,0,0
global.js,87,js,fd15d7a5,dycheng-ai,2026-04-17,19:25:10,-07:00,2026-04-17T19:25:10-07:00,0,0
global.js,88,js,fd15d7a5,dycheng-ai,2026-04-17,19:25:10,-07:00,2026-04-17T19:25:10-07:00,0,39
global.js,89,js,fd15d7a5,dycheng-ai,2026-04-17,19:25:10,-07:00,2026-04-17T19:25:10-07:00,1,71
global.js,90,js,fd15d7a5,dycheng-ai,2026-04-17,19:25:10,-07:00,2026-04-17T19:25:10-07:00,1,38
global.js,91,js,fd15d7a5,dycheng-ai,2026-04-17,19:25:10,-07:00,2026-04-17T19:25:10-07:00,0,1
resume/index.html,1,html,1caf9bf5,dycheng-ai,2026-04-03,23:59:14,-07:00,2026-04-03T23:59:14-07:00,0,13
resume/index.html,2,html,1caf9bf5,dycheng-ai,2026-04-03,23:59:14,-07:00,2026-04-03T23:59:14-07:00,0,14
resume/index.html,3,html,1caf9bf5,dycheng-ai,2026-04-03,23:59:14,-07:00,2026-04-03T23:59:14-07:00,0,4
resume/index.html,4,html,1caf9bf5,dycheng-ai,2026-04-03,23:59:14,-07:00,2026-04-03T23:59:14-07:00,2,20
resume/index.html,5,html,1caf9bf5,dycheng-ai,2026-04-03,23:59:14,-07:00,2026-04-03T23:59:14-07:00,2,68
resume/index.html,6,html,1caf9bf5,dycheng-ai,2026-04-03,23:59:14,-07:00,2026-04-03T23:59:14-07:00,2,19
resume/index.html,7,html,e79ad664,dycheng-ai,2026-04-10,18:23:08,-07:00,2026-04-10T18:23:08-07:00,2,41
resume/index.html,8,html,1caf9bf5,dycheng-ai,2026-04-03,23:59:14,-07:00,2026-04-03T23:59:14-07:00,0,5
resume/index.html,9,html,1caf9bf5,dycheng-ai,2026-04-03,23:59:14,-07:00,2026-04-03T23:59:14-07:00,0,4
resume/index.html,10,html,c45cfcab,dycheng-ai,2026-04-10,17:39:07,-07:00,2026-04-10T17:39:07-07:00,2,13
resume/index.html,11,html,1caf9bf5,dycheng-ai,2026-04-03,23:59:14,-07:00,2026-04-03T23:59:14-07:00,2,7
resume/index.html,12,html,1caf9bf5,dycheng-ai,2026-04-03,23:59:14,-07:00,2026-04-03T23:59:14-07:00,4,6
resume/index.html,13,html,1caf9bf5,dycheng-ai,2026-04-03,23:59:14,-07:00,2026-04-03T23:59:14-07:00,6,16
resume/index.html,14,html,1caf9bf5,dycheng-ai,2026-04-03,23:59:14,-07:00,2026-04-03T23:59:14-07:00,4,7
resume/index.html,15,html,1caf9bf5,dycheng-ai,2026-04-03,23:59:14,-07:00,2026-04-03T23:59:14-07:00,0,0
resume/index.html,16,html,1caf9bf5,dycheng-ai,2026-04-03,23:59:14,-07:00,2026-04-03T23:59:14-07:00,4,7
resume/index.html,17,html,1caf9bf5,dycheng-ai,2026-04-03,23:59:14,-07:00,2026-04-03T23:59:14-07:00,6,42
resume/index.html,18,html,1caf9bf5,dycheng-ai,2026-04-03,23:59:14,-07:00,2026-04-03T23:59:14-07:00,6,54
resume/index.html,19,html,1caf9bf5,dycheng-ai,2026-04-03,23:59:14,-07:00,2026-04-03T23:59:14-07:00,6,1
resume/index.html,20,html,1caf9bf5,dycheng-ai,2026-04-03,23:59:14,-07:00,2026-04-03T23:59:14-07:00,8,41
resume/index.html,21,html,1caf9bf5,dycheng-ai,2026-04-03,23:59:14,-07:00,2026-04-03T23:59:14-07:00,8,39
resume/index.html,22,html,1caf9bf5,dycheng-ai,2026-04-03,23:59:14,-07:00,2026-04-03T23:59:14-07:00,6,2
resume/index.html,23,html,1caf9bf5,dycheng-ai,2026-04-03,23:59:14,-07:00,2026-04-03T23:59:14-07:00,4,8
resume/index.html,24,html,1caf9bf5,dycheng-ai,2026-04-03,23:59:14,-07:00,2026-04-03T23:59:14-07:00,2,8
resume/index.html,25,html,1caf9bf5,dycheng-ai,2026-04-03,23:59:14,-07:00,2026-04-03T23:59:14-07:00,0,0
resume/index.html,26,html,1caf9bf5,dycheng-ai,2026-04-03,23:59:14,-07:00,2026-04-03T23:59:14-07:00,2,7
resume/index.html,27,html,1caf9bf5,dycheng-ai,2026-04-03,23:59:14,-07:00,2026-04-03T23:59:14-07:00,4,6
resume/index.html,28,html,1caf9bf5,dycheng-ai,2026-04-03,23:59:14,-07:00,2026-04-03T23:59:14-07:00,6,17
resume/index.html,29,html,1caf9bf5,dycheng-ai,2026-04-03,23:59:14,-07:00,2026-04-03T23:59:14-07:00,4,7
resume/index.html,30,html,1caf9bf5,dycheng-ai,2026-04-03,23:59:14,-07:00,2026-04-03T23:59:14-07:00,0,0
resume/index.html,31,html,1caf9bf5,dycheng-ai,2026-04-03,23:59:14,-07:00,2026-04-03T23:59:14-07:00,4,7
resume/index.html,32,html,1caf9bf5,dycheng-ai,2026-04-03,23:59:14,-07:00,2026-04-03T23:59:14-07:00,6,30
resume/index.html,33,html,1caf9bf5,dycheng-ai,2026-04-03,23:59:14,-07:00,2026-04-03T23:59:14-07:00,6,16
resume/index.html,34,html,1caf9bf5,dycheng-ai,2026-04-03,23:59:14,-07:00,2026-04-03T23:59:14-07:00,6,1
resume/index.html,35,html,1caf9bf5,dycheng-ai,2026-04-03,23:59:14,-07:00,2026-04-03T23:59:14-07:00,8,41
resume/index.html,36,html,1caf9bf5,dycheng-ai,2026-04-03,23:59:14,-07:00,2026-04-03T23:59:14-07:00,8,38
resume/index.html,37,html,1caf9bf5,dycheng-ai,2026-04-03,23:59:14,-07:00,2026-04-03T23:59:14-07:00,6,2
resume/index.html,38,html,1caf9bf5,dycheng-ai,2026-04-03,23:59:14,-07:00,2026-04-03T23:59:14-07:00,6,2
resume/index.html,39,html,1caf9bf5,dycheng-ai,2026-04-03,23:59:14,-07:00,2026-04-03T23:59:14-07:00,8,46
resume/index.html,40,html,1caf9bf5,dycheng-ai,2026-04-03,23:59:14,-07:00,2026-04-03T23:59:14-07:00,8,47
resume/index.html,41,html,1caf9bf5,dycheng-ai,2026-04-03,23:59:14,-07:00,2026-04-03T23:59:14-07:00,6,3
resume/index.html,42,html,1caf9bf5,dycheng-ai,2026-04-03,23:59:14,-07:00,2026-04-03T23:59:14-07:00,4,8
resume/index.html,43,html,1caf9bf5,dycheng-ai,2026-04-03,23:59:14,-07:00,2026-04-03T23:59:14-07:00,0,0
resume/index.html,44,html,1caf9bf5,dycheng-ai,2026-04-03,23:59:14,-07:00,2026-04-03T23:59:14-07:00,4,7
resume/index.html,45,html,1caf9bf5,dycheng-ai,2026-04-03,23:59:14,-07:00,2026-04-03T23:59:14-07:00,6,33
resume/index.html,46,html,1caf9bf5,dycheng-ai,2026-04-03,23:59:14,-07:00,2026-04-03T23:59:14-07:00,6,13
resume/index.html,47,html,1caf9bf5,dycheng-ai,2026-04-03,23:59:14,-07:00,2026-04-03T23:59:14-07:00,6,1
resume/index.html,48,html,1caf9bf5,dycheng-ai,2026-04-03,23:59:14,-07:00,2026-04-03T23:59:14-07:00,8,41
resume/index.html,49,html,1caf9bf5,dycheng-ai,2026-04-03,23:59:14,-07:00,2026-04-03T23:59:14-07:00,8,38
resume/index.html,50,html,1caf9bf5,dycheng-ai,2026-04-03,23:59:14,-07:00,2026-04-03T23:59:14-07:00,6,2
resume/index.html,51,html,1caf9bf5,dycheng-ai,2026-04-03,23:59:14,-07:00,2026-04-03T23:59:14-07:00,6,2
resume/index.html,52,html,1caf9bf5,dycheng-ai,2026-04-03,23:59:14,-07:00,2026-04-03T23:59:14-07:00,8,35
resume/index.html,53,html,1caf9bf5,dycheng-ai,2026-04-03,23:59:14,-07:00,2026-04-03T23:59:14-07:00,8,48
resume/index.html,54,html,1caf9bf5,dycheng-ai,2026-04-03,23:59:14,-07:00,2026-04-03T23:59:14-07:00,6,3
resume/index.html,55,html,1caf9bf5,dycheng-ai,2026-04-03,23:59:14,-07:00,2026-04-03T23:59:14-07:00,4,8
resume/index.html,56,html,1caf9bf5,dycheng-ai,2026-04-03,23:59:14,-07:00,2026-04-03T23:59:14-07:00,2,8
resume/index.html,57,html,fd15d7a5,dycheng-ai,2026-04-17,19:25:10,-07:00,2026-04-17T19:25:10-07:00,2,48
resume/index.html,58,html,1caf9bf5,dycheng-ai,2026-04-03,23:59:14,-07:00,2026-04-03T23:59:14-07:00,0,5
resume/index.html,59,html,1caf9bf5,dycheng-ai,2026-04-03,23:59:14,-07:00,2026-04-03T23:59:14-07:00,0,5
projects/projects.js,1,js,c55dd2dd,dycheng-ai,2026-04-24,19:49:04,-07:00,2026-04-24T19:49:04-07:00,0,55
projects/projects.js,2,js,b665b708,dycheng-ai,2026-05-01,21:37:08,-07:00,2026-05-01T21:37:08-07:00,0,63
projects/projects.js,3,js,c55dd2dd,dycheng-ai,2026-04-24,19:49:04,-07:00,2026-04-24T19:49:04-07:00,0,0
projects/projects.js,4,js,c55dd2dd,dycheng-ai,2026-04-24,19:49:04,-07:00,2026-04-24T19:49:04-07:00,0,55
projects/projects.js,5,js,c55dd2dd,dycheng-ai,2026-04-24,19:49:04,-07:00,2026-04-24T19:49:04-07:00,0,60
projects/projects.js,6,js,b665b708,dycheng-ai,2026-05-01,21:37:08,-07:00,2026-05-01T21:37:08-07:00,0,55
projects/projects.js,7,js,b665b708,dycheng-ai,2026-05-01,21:37:08,-07:00,2026-05-01T21:37:08-07:00,0,0
projects/projects.js,8,js,b665b708,dycheng-ai,2026-05-01,21:37:08,-07:00,2026-05-01T21:37:08-07:00,0,13
projects/projects.js,9,js,b665b708,dycheng-ai,2026-05-01,21:37:08,-07:00,2026-05-01T21:37:08-07:00,0,21
projects/projects.js,10,js,b665b708,dycheng-ai,2026-05-01,21:37:08,-07:00,2026-05-01T21:37:08-07:00,0,0
projects/projects.js,11,js,b665b708,dycheng-ai,2026-05-01,21:37:08,-07:00,2026-05-01T21:37:08-07:00,0,38
projects/projects.js,12,js,b665b708,dycheng-ai,2026-05-01,21:37:08,-07:00,2026-05-01T21:37:08-07:00,1,29
projects/projects.js,13,js,b665b708,dycheng-ai,2026-05-01,21:37:08,-07:00,2026-05-01T21:37:08-07:00,2,12
projects/projects.js,14,js,b665b708,dycheng-ai,2026-05-01,21:37:08,-07:00,2026-05-01T21:37:08-07:00,2,14
projects/projects.js,15,js,b665b708,dycheng-ai,2026-05-01,21:37:08,-07:00,2026-05-01T21:37:08-07:00,2,12
projects/projects.js,16,js,b665b708,dycheng-ai,2026-05-01,21:37:08,-07:00,2026-05-01T21:37:08-07:00,1,0
projects/projects.js,17,js,b665b708,dycheng-ai,2026-05-01,21:37:08,-07:00,2026-05-01T21:37:08-07:00,1,50
projects/projects.js,18,js,b665b708,dycheng-ai,2026-05-01,21:37:08,-07:00,2026-05-01T21:37:08-07:00,2,35
projects/projects.js,19,js,b665b708,dycheng-ai,2026-05-01,21:37:08,-07:00,2026-05-01T21:37:08-07:00,1,1
projects/projects.js,20,js,b665b708,dycheng-ai,2026-05-01,21:37:08,-07:00,2026-05-01T21:37:08-07:00,0,0
projects/projects.js,21,js,b665b708,dycheng-ai,2026-05-01,21:37:08,-07:00,2026-05-01T21:37:08-07:00,1,57
projects/projects.js,22,js,b665b708,dycheng-ai,2026-05-01,21:37:08,-07:00,2026-05-01T21:37:08-07:00,1,53
projects/projects.js,23,js,b665b708,dycheng-ai,2026-05-01,21:37:08,-07:00,2026-05-01T21:37:08-07:00,1,42
projects/projects.js,24,js,b665b708,dycheng-ai,2026-05-01,21:37:08,-07:00,2026-05-01T21:37:08-07:00,1,51
projects/projects.js,25,js,b665b708,dycheng-ai,2026-05-01,21:37:08,-07:00,2026-05-01T21:37:08-07:00,1,47
projects/projects.js,26,js,b665b708,dycheng-ai,2026-05-01,21:37:08,-07:00,2026-05-01T21:37:08-07:00,0,0
projects/projects.js,27,js,b665b708,dycheng-ai,2026-05-01,21:37:08,-07:00,2026-05-01T21:37:08-07:00,1,25
projects/projects.js,28,js,b665b708,dycheng-ai,2026-05-01,21:37:08,-07:00,2026-05-01T21:37:08-07:00,1,29
projects/projects.js,29,js,b665b708,dycheng-ai,2026-05-01,21:37:08,-07:00,2026-05-01T21:37:08-07:00,0,0
projects/projects.js,30,js,b665b708,dycheng-ai,2026-05-01,21:37:08,-07:00,2026-05-01T21:37:08-07:00,1,32
projects/projects.js,31,js,b665b708,dycheng-ai,2026-05-01,21:37:08,-07:00,2026-05-01T21:37:08-07:00,1,30
projects/projects.js,32,js,b665b708,dycheng-ai,2026-05-01,21:37:08,-07:00,2026-05-01T21:37:08-07:00,0,0
projects/projects.js,33,js,b665b708,dycheng-ai,2026-05-01,21:37:08,-07:00,2026-05-01T21:37:08-07:00,1,27
projects/projects.js,34,js,b665b708,dycheng-ai,2026-05-01,21:37:08,-07:00,2026-05-01T21:37:08-07:00,2,1
projects/projects.js,35,js,b665b708,dycheng-ai,2026-05-01,21:37:08,-07:00,2026-05-01T21:37:08-07:00,3,13
projects/projects.js,36,js,b665b708,dycheng-ai,2026-05-01,21:37:08,-07:00,2026-05-01T21:37:08-07:00,3,13
projects/projects.js,37,js,b665b708,dycheng-ai,2026-05-01,21:37:08,-07:00,2026-05-01T21:37:08-07:00,3,22
projects/projects.js,38,js,b665b708,dycheng-ai,2026-05-01,21:37:08,-07:00,2026-05-01T21:37:08-07:00,3,51
projects/projects.js,39,js,b665b708,dycheng-ai,2026-05-01,21:37:08,-07:00,2026-05-01T21:37:08-07:00,3,18
projects/projects.js,40,js,b665b708,dycheng-ai,2026-05-01,21:37:08,-07:00,2026-05-01T21:37:08-07:00,4,43
projects/projects.js,41,js,b665b708,dycheng-ai,2026-05-01,21:37:08,-07:00,2026-05-01T21:37:08-07:00,0,0
projects/projects.js,42,js,b665b708,dycheng-ai,2026-05-01,21:37:08,-07:00,2026-05-01T21:37:08-07:00,4,1
projects/projects.js,43,js,b665b708,dycheng-ai,2026-05-01,21:37:08,-07:00,2026-05-01T21:37:08-07:00,5,16
projects/projects.js,44,js,b665b708,dycheng-ai,2026-05-01,21:37:08,-07:00,2026-05-01T21:37:08-07:00,5,68
projects/projects.js,45,js,b665b708,dycheng-ai,2026-05-01,21:37:08,-07:00,2026-05-01T21:37:08-07:00,0,0
projects/projects.js,46,js,b665b708,dycheng-ai,2026-05-01,21:37:08,-07:00,2026-05-01T21:37:08-07:00,4,4
projects/projects.js,47,js,b665b708,dycheng-ai,2026-05-01,21:37:08,-07:00,2026-05-01T21:37:08-07:00,5,14
projects/projects.js,48,js,b665b708,dycheng-ai,2026-05-01,21:37:08,-07:00,2026-05-01T21:37:08-07:00,5,24
projects/projects.js,49,js,b665b708,dycheng-ai,2026-05-01,21:37:08,-07:00,2026-05-01T21:37:08-07:00,6,60
projects/projects.js,50,js,b665b708,dycheng-ai,2026-05-01,21:37:08,-07:00,2026-05-01T21:37:08-07:00,5,0
projects/projects.js,51,js,b665b708,dycheng-ai,2026-05-01,21:37:08,-07:00,2026-05-01T21:37:08-07:00,0,0
projects/projects.js,52,js,b665b708,dycheng-ai,2026-05-01,21:37:08,-07:00,2026-05-01T21:37:08-07:00,4,25
projects/projects.js,53,js,b665b708,dycheng-ai,2026-05-01,21:37:08,-07:00,2026-05-01T21:37:08-07:00,5,48
projects/projects.js,54,js,b665b708,dycheng-ai,2026-05-01,21:37:08,-07:00,2026-05-01T21:37:08-07:00,4,6
projects/projects.js,55,js,b665b708,dycheng-ai,2026-05-01,21:37:08,-07:00,2026-05-01T21:37:08-07:00,5,46
projects/projects.js,56,js,b665b708,dycheng-ai,2026-05-01,21:37:08,-07:00,2026-05-01T21:37:08-07:00,5,77
projects/projects.js,57,js,b665b708,dycheng-ai,2026-05-01,21:37:08,-07:00,2026-05-01T21:37:08-07:00,5,48
projects/projects.js,58,js,b665b708,dycheng-ai,2026-05-01,21:37:08,-07:00,2026-05-01T21:37:08-07:00,4,0
projects/projects.js,59,js,b665b708,dycheng-ai,2026-05-01,21:37:08,-07:00,2026-05-01T21:37:08-07:00,3,1
projects/projects.js,60,js,b665b708,dycheng-ai,2026-05-01,21:37:08,-07:00,2026-05-01T21:37:08-07:00,1,1
projects/projects.js,61,js,b665b708,dycheng-ai,2026-05-01,21:37:08,-07:00,2026-05-01T21:37:08-07:00,0,0
projects/projects.js,62,js,b665b708,dycheng-ai,2026-05-01,21:37:08,-07:00,2026-05-01T21:37:08-07:00,1,27
projects/projects.js,63,js,b665b708,dycheng-ai,2026-05-01,21:37:08,-07:00,2026-05-01T21:37:08-07:00,2,4
projects/projects.js,64,js,b665b708,dycheng-ai,2026-05-01,21:37:08,-07:00,2026-05-01T21:37:08-07:00,3,11
projects/projects.js,65,js,b665b708,dycheng-ai,2026-05-01,21:37:08,-07:00,2026-05-01T21:37:08-07:00,3,76
projects/projects.js,66,js,b665b708,dycheng-ai,2026-05-01,21:37:08,-07:00,2026-05-01T21:37:08-07:00,3,38
projects/projects.js,67,js,b665b708,dycheng-ai,2026-05-01,21:37:08,-07:00,2026-05-01T21:37:08-07:00,3,69
projects/projects.js,68,js,b665b708,dycheng-ai,2026-05-01,21:37:08,-07:00,2026-05-01T21:37:08-07:00,1,1
projects/projects.js,69,js,c55dd2dd,dycheng-ai,2026-04-24,19:49:04,-07:00,2026-04-24T19:49:04-07:00,0,0
projects/projects.js,70,js,b665b708,dycheng-ai,2026-05-01,21:37:08,-07:00,2026-05-01T21:37:08-07:00,0,0
projects/projects.js,71,js,b665b708,dycheng-ai,2026-05-01,21:37:08,-07:00,2026-05-01T21:37:08-07:00,0,48
projects/projects.js,72,js,b665b708,dycheng-ai,2026-05-01,21:37:08,-07:00,2026-05-01T21:37:08-07:00,0,23
projects/projects.js,73,js,b665b708,dycheng-ai,2026-05-01,21:37:08,-07:00,2026-05-01T21:37:08-07:00,0,0
projects/projects.js,74,js,b665b708,dycheng-ai,2026-05-01,21:37:08,-07:00,2026-05-01T21:37:08-07:00,0,48
projects/projects.js,75,js,b665b708,dycheng-ai,2026-05-01,21:37:08,-07:00,2026-05-01T21:37:08-07:00,1,25
projects/projects.js,76,js,b665b708,dycheng-ai,2026-05-01,21:37:08,-07:00,2026-05-01T21:37:08-07:00,1,51
projects/projects.js,77,js,b665b708,dycheng-ai,2026-05-01,21:37:08,-07:00,2026-05-01T21:37:08-07:00,2,59
projects/projects.js,78,js,b665b708,dycheng-ai,2026-05-01,21:37:08,-07:00,2026-05-01T21:37:08-07:00,2,42
projects/projects.js,79,js,b665b708,dycheng-ai,2026-05-01,21:37:08,-07:00,2026-05-01T21:37:08-07:00,1,1
projects/projects.js,80,js,b665b708,dycheng-ai,2026-05-01,21:37:08,-07:00,2026-05-01T21:37:08-07:00,1,56
projects/projects.js,81,js,b665b708,dycheng-ai,2026-05-01,21:37:08,-07:00,2026-05-01T21:37:08-07:00,1,31
projects/projects.js,82,js,b665b708,dycheng-ai,2026-05-01,21:37:08,-07:00,2026-05-01T21:37:08-07:00,0,1
projects/index.html,1,html,d65c3ff7,dycheng-ai,2026-04-03,23:30:13,-07:00,2026-04-03T23:30:13-07:00,0,13
projects/index.html,2,html,d65c3ff7,dycheng-ai,2026-04-03,23:30:13,-07:00,2026-04-03T23:30:13-07:00,0,14
projects/index.html,3,html,d65c3ff7,dycheng-ai,2026-04-03,23:30:13,-07:00,2026-04-03T23:30:13-07:00,0,4
projects/index.html,4,html,d65c3ff7,dycheng-ai,2026-04-03,23:30:13,-07:00,2026-04-03T23:30:13-07:00,2,20
projects/index.html,5,html,d65c3ff7,dycheng-ai,2026-04-03,23:30:13,-07:00,2026-04-03T23:30:13-07:00,2,68
projects/index.html,6,html,d65c3ff7,dycheng-ai,2026-04-03,23:30:13,-07:00,2026-04-03T23:30:13-07:00,2,31
projects/index.html,7,html,e79ad664,dycheng-ai,2026-04-10,18:23:08,-07:00,2026-04-10T18:23:08-07:00,2,41
projects/index.html,8,html,d65c3ff7,dycheng-ai,2026-04-03,23:30:13,-07:00,2026-04-03T23:30:13-07:00,0,5
projects/index.html,9,html,d65c3ff7,dycheng-ai,2026-04-03,23:30:13,-07:00,2026-04-03T23:30:13-07:00,0,4
projects/index.html,10,html,c45cfcab,dycheng-ai,2026-04-10,17:39:07,-07:00,2026-04-10T17:39:07-07:00,2,15
projects/index.html,11,html,b665b708,dycheng-ai,2026-05-01,21:37:08,-07:00,2026-05-01T21:37:08-07:00,2,21
projects/index.html,12,html,b665b708,dycheng-ai,2026-05-01,21:37:08,-07:00,2026-05-01T21:37:08-07:00,4,52
projects/index.html,13,html,b665b708,dycheng-ai,2026-05-01,21:37:08,-07:00,2026-05-01T21:37:08-07:00,4,4
projects/index.html,14,html,b665b708,dycheng-ai,2026-05-01,21:37:08,-07:00,2026-05-01T21:37:08-07:00,4,22
projects/index.html,15,html,b665b708,dycheng-ai,2026-05-01,21:37:08,-07:00,2026-05-01T21:37:08-07:00,2,4
projects/index.html,16,html,b665b708,dycheng-ai,2026-05-01,21:37:08,-07:00,2026-05-01T21:37:08-07:00,2,102
projects/index.html,17,html,b665b708,dycheng-ai,2026-05-01,21:37:08,-07:00,2026-05-01T21:37:08-07:00,2,26
projects/index.html,18,html,c55dd2dd,dycheng-ai,2026-04-24,19:49:04,-07:00,2026-04-24T19:49:04-07:00,2,48
projects/index.html,19,html,c55dd2dd,dycheng-ai,2026-04-24,19:49:04,-07:00,2026-04-24T19:49:04-07:00,2,47
projects/index.html,20,html,d65c3ff7,dycheng-ai,2026-04-03,23:30:13,-07:00,2026-04-03T23:30:13-07:00,0,5
projects/index.html,21,html,c45cfcab,dycheng-ai,2026-04-10,17:39:07,-07:00,2026-04-10T17:39:07-07:00,0,5
contact/index.html,1,html,d65c3ff7,dycheng-ai,2026-04-03,23:30:13,-07:00,2026-04-03T23:30:13-07:00,0,13
contact/index.html,2,html,d65c3ff7,dycheng-ai,2026-04-03,23:30:13,-07:00,2026-04-03T23:30:13-07:00,0,14
contact/index.html,3,html,d65c3ff7,dycheng-ai,2026-04-03,23:30:13,-07:00,2026-04-03T23:30:13-07:00,0,4
contact/index.html,4,html,d65c3ff7,dycheng-ai,2026-04-03,23:30:13,-07:00,2026-04-03T23:30:13-07:00,2,20
contact/index.html,5,html,d65c3ff7,dycheng-ai,2026-04-03,23:30:13,-07:00,2026-04-03T23:30:13-07:00,2,68
contact/index.html,6,html,d65c3ff7,dycheng-ai,2026-04-03,23:30:13,-07:00,2026-04-03T23:30:13-07:00,2,35
contact/index.html,7,html,e79ad664,dycheng-ai,2026-04-10,18:23:08,-07:00,2026-04-10T18:23:08-07:00,2,41
contact/index.html,8,html,d65c3ff7,dycheng-ai,2026-04-03,23:30:13,-07:00,2026-04-03T23:30:13-07:00,0,5
contact/index.html,9,html,d65c3ff7,dycheng-ai,2026-04-03,23:30:13,-07:00,2026-04-03T23:30:13-07:00,0,4
contact/index.html,10,html,c45cfcab,dycheng-ai,2026-04-10,17:39:07,-07:00,2026-04-10T17:39:07-07:00,2,19
contact/index.html,11,html,c45cfcab,dycheng-ai,2026-04-10,17:39:07,-07:00,2026-04-10T17:39:07-07:00,2,72
contact/index.html,12,html,c45cfcab,dycheng-ai,2026-04-10,17:39:07,-07:00,2026-04-10T17:39:07-07:00,4,5
contact/index.html,13,html,c45cfcab,dycheng-ai,2026-04-10,17:39:07,-07:00,2026-04-10T17:39:07-07:00,6,3
contact/index.html,14,html,c45cfcab,dycheng-ai,2026-04-10,17:39:07,-07:00,2026-04-10T17:39:07-07:00,6,31
contact/index.html,15,html,c45cfcab,dycheng-ai,2026-04-10,17:39:07,-07:00,2026-04-10T17:39:07-07:00,4,6
contact/index.html,16,html,c45cfcab,dycheng-ai,2026-04-10,17:39:07,-07:00,2026-04-10T17:39:07-07:00,4,5
contact/index.html,17,html,c45cfcab,dycheng-ai,2026-04-10,17:39:07,-07:00,2026-04-10T17:39:07-07:00,6,5
contact/index.html,18,html,c45cfcab,dycheng-ai,2026-04-10,17:39:07,-07:00,2026-04-10T17:39:07-07:00,6,32
contact/index.html,19,html,c45cfcab,dycheng-ai,2026-04-10,17:39:07,-07:00,2026-04-10T17:39:07-07:00,4,6
contact/index.html,20,html,c45cfcab,dycheng-ai,2026-04-10,17:39:07,-07:00,2026-04-10T17:39:07-07:00,4,5
contact/index.html,21,html,c45cfcab,dycheng-ai,2026-04-10,17:39:07,-07:00,2026-04-10T17:39:07-07:00,6,2
contact/index.html,22,html,c45cfcab,dycheng-ai,2026-04-10,17:39:07,-07:00,2026-04-10T17:39:07-07:00,6,31
contact/index.html,23,html,c45cfcab,dycheng-ai,2026-04-10,17:39:07,-07:00,2026-04-10T17:39:07-07:00,4,6
contact/index.html,24,html,1caf9bf5,dycheng-ai,2026-04-03,23:59:14,-07:00,2026-04-03T23:59:14-07:00,4,21
contact/index.html,25,html,1caf9bf5,dycheng-ai,2026-04-03,23:59:14,-07:00,2026-04-03T23:59:14-07:00,2,5
contact/index.html,26,html,fd15d7a5,dycheng-ai,2026-04-17,19:25:10,-07:00,2026-04-17T19:25:10-07:00,2,48
contact/index.html,27,html,d65c3ff7,dycheng-ai,2026-04-03,23:30:13,-07:00,2026-04-03T23:30:13-07:00,0,5
contact/index.html,28,html,c45cfcab,dycheng-ai,2026-04-10,17:39:07,-07:00,2026-04-10T17:39:07-07:00,0,5
